Date,Content,Comment
2016-05-15,,Haven't seen any
2016-05-18,https://boxd.it/Hf2y,"Yikes, I agree with this but force awakens should definitely be above revenge of the sith"
2016-06-04,,Edge of tomorrow was alright but I think it's really overrated... Groundhog Day with aliens and violence
2016-06-05,https://boxd.it/9YiKd,"""Megan Fox, for obvious reasons"""
2016-06-08,https://boxd.it/a1pTR,*their
2016-06-09,https://boxd.it/a1XVn,"""Do you want you be a gangster or not?"" -Josh Ceranic, 2016"
2016-06-10,https://boxd.it/a2OIh,Can't wait for now you see me 3
2016-06-12,https://boxd.it/a381d,Very straight and to the point. Nice
2016-06-12,https://boxd.it/a4gyB,Your review makes it sound like a 3.5 star film... Then I see a 2.5 rating. Your Consistency gets 0 stars
2016-06-13,https://boxd.it/a4NDf,An absolute savage
2016-06-21,https://boxd.it/aamGN,Pales in comparison? Those are my words young man
2016-07-02,https://boxd.it/aitK9,Whalberg? WHALBERG? KYS KYS KYS You don't deserve to watch the films of Marky Mark
2016-07-04,https://boxd.it/ajEbL,Your one word reviews are your best reviews
2016-07-14,https://boxd.it/ar5wF,you rewatched this on July 11?
2016-07-27,https://boxd.it/azESn,"I would appreciate it if next time you censored the swear words in the quote.


Thanks,
- Nick Wibert"
2016-08-01,https://boxd.it/aFztf,"Just watched <i>Hot Fuzz, </i>looking forward to seeing this! Nice review!"
2016-11-13,https://boxd.it/a6leP,Definitely 3.5 at the most
2016-11-24,,"I see you added Moonlight, but I think Arrival would be first"
2016-12-12,https://boxd.it/cpKy7,"I loved Tamatoa. He had an awesome song that was happy-sounding yet terrifying when you consider the fact that he's beating up a helpless Maui while singing. ¬†Disney was smart to give him only around 10 minutes in the movie so as to not overstay his welcome, it makes the villain more memorable."
2016-12-18,https://boxd.it/cyEgJ,Turned from a hater into a lover so quick
2016-12-24,https://boxd.it/cGBGl,"Very well-written review, your comparisons to other films were spot on. ¬†I agree with everything you said"
2017-03-01,https://boxd.it/eSo5N,"TBH I was pleasantly surprised this one. ¬†I would have been okay with Moonlight, La La Land, Arrival, or even Manchester being Best Picture. ¬†2016 was unfair!!"
2017-04-11,https://boxd.it/gj27l,"Definitely go for a second viewing, it's great to pick out all the little bread crumbs about the true nature of the family that Peele sprinkles throughout the first and second acts. ¬†Although, having the wild reactions of a full theater certainly made the first viewing more enjoyable!"
2017-04-21,https://boxd.it/gCcCh,Price of admission is $0 for you punk
2017-04-21,https://boxd.it/dq5Xh,Please tell me this is a joke Nathan... good God
2017-05-02,https://boxd.it/gQ8bT,So very wrong. ¬†Also why do you call everything an MCU movie
2017-05-05,https://boxd.it/gZDLL,Drop a spoiler warning on this
2017-05-06,https://boxd.it/gZEvf,Now this is what I call a balanced review. ¬†Probably your best review yet
2017-05-06,https://boxd.it/gZEvf,It's very fair as well. ¬†2.5 is a fair rating and you justified it very nicely
2017-05-24,https://boxd.it/hpsoj,I think you're just a racist
2017-05-28,https://boxd.it/hukCH,This confirms that you're a racist
2017-06-02,https://boxd.it/hAWOt,"Some of this feels vaguely reminiscent of my review, my friend. ¬†Did you read mine before writing this"
2017-06-03,,Stole my idea
2017-06-03,https://boxd.it/hAU4D,So many comparisons have been drawn to Marvel by you that I don't think they apply only to Marvel anymore
2017-06-03,https://boxd.it/hASUd,"@zombifan ¬†Agreed. ¬†People can dish out hate on Marvel all they want but you cannot deny how successful their formula has been. ¬†Introducing characters through standalone films and THEN having them come together works much better, and was clearly planned out far in advance"
2017-06-05,https://boxd.it/hFod9,Guardians 1 is funnier... trust me
2017-06-07,https://boxd.it/hGtDN,I'm surprised at how amazing Jordan Peele is at nailing the stuck-up nerd voice. ¬†Shocked yet impressed
2017-06-07,https://boxd.it/hHM1Z,Totally agree! ¬†It was very funny
2017-06-08,https://boxd.it/h2f7X,Well said
2017-06-08,https://boxd.it/hIV8d,Give it another shot my man
2017-06-14,https://boxd.it/hPVUb,He deserved his Academy Award
2017-06-18,https://boxd.it/hKNU3,No likes
2017-06-22,https://boxd.it/i0Vvn,Watch your mouth big boy
2017-06-25,https://boxd.it/hqD05,The only times Cranston has been able to really shine were in <i>Drive </i>and <i>Breaking Bad</i>
2017-06-26,https://boxd.it/i5NSt,"Hold your horses there pal, I'm the Marvel fanboy and even I think this is ridiculous"
2017-07-12,https://boxd.it/9XOyV,Uhhhhh Dawn of the Planet of the Apes came out 2014
2017-07-21,,"@wmyk Bro chill. I'm a 16 year old kid with no experience in film, read my bio. I just enjoy movies and this is my opinion. I realize I'm ignorant I just like to organize my thoughts in this app"
2017-07-23,https://boxd.it/iJ3FX,I'm so glad I saw this in IMAX
2017-07-28,https://boxd.it/iqZSd,"""Your buddy's here!"""
2017-08-05,,Fake fan. Dropped from 5 to 4 after hearing what other people thought
2017-08-10,https://boxd.it/jccIJ,THANK you. Definitely the weakest one. Zac said I was a maniac when I said 3.5 stars but he thinks all three movies are 5 stars
2017-09-23,https://boxd.it/kgrtB,It's starting to freak me out. This isn't a coincidence anymore
2017-12-09,https://boxd.it/mgvtt,Biggest fool ever
2017-12-15,https://boxd.it/msxzd,How did you see it already??? The first showing in my town is tonight at 7
2017-12-25,https://boxd.it/mLqmT,Couldn‚Äôt agree more. I wasn‚Äôt expecting to be a part of the minority that saw this as pretty good but flawed
2017-12-27,,5.5 rounds up to 6 which = 3 stars
2018-01-13,https://boxd.it/nAKuF,This movie may have one of the most epic endings of all time
2018-01-13,https://boxd.it/nAKuF,That final moment followed by the sudden cut to ‚ÄòRAW‚Äô filling the screen and music blaring. Intense
2018-01-21,https://boxd.it/nPht9,"Yesssss. FATE, UP AGAINST YOUR WILL"
2018-02-11,https://boxd.it/oBkRJ,"That‚Äôs what makes it good, fool. Not everything has to have an explicit plot, it‚Äôs just a natural flow of events, like life"
2018-02-16,,Perpetual racist
2018-04-01,https://boxd.it/qv031,Spoiler alert!
2018-04-14,https://boxd.it/qZcA7,"Puppet master, like emperor palpatine"
2018-04-14,https://boxd.it/qYYgR,"No way, the last 5 seconds were easily the best part. *heavy, heavy sarcasm*"
2018-04-26,https://boxd.it/rnvVh,Still can‚Äôt believe this was shot on iPhone
2018-04-27,https://boxd.it/rqyX7,"marvel: literally cannot bring themselves to kill off a single one of the original Avengers
everyone: wow marvel is so ballsy"
2018-05-04,https://boxd.it/rGJ37,OH YEAH ROBOTS BABY STARRING RODNEY J COPPERBOTTOM
2018-05-06,https://boxd.it/rKUKf,I love the direction this movie went. It already struck a chord with me on an emotional level but I think that deepened it
2018-05-29,https://boxd.it/stH09,How about this. You shut your mouth. Or I‚Äôll kick your teeth down your throat and I‚Äôll shut it for you.
2018-05-29,,The scrolling text is left out to distinguish the Star Wars Story series from the main series
2018-06-14,https://boxd.it/t4aHD,"Pawns in a hopeless, horrible machine"
2018-06-20,https://boxd.it/tf8K3,"I think the second half definitely pales in comparison to the first half. ¬†But this movie still really shook me on a deep level (only in that first half), perhaps because I am still somewhat inexperienced with the horror genre"
2018-07-30,https://boxd.it/uIDrN,@IsaacWatson yeah I had been telling myself to watch it for so long and I just finally made myself do it
2018-07-31,https://boxd.it/uL2w3,@V9733XA you know what that is so true. The people who really need to see this would refuse to voluntarily watch something that criticizes them
2018-07-31,https://boxd.it/uL2w3,@ICMovies same here
2018-08-01,https://boxd.it/uMhHx,The fattest oof of 2018
2018-08-05,https://boxd.it/1zrSa,@touch_me_im_sic heck yes
2018-08-10,https://boxd.it/v8MUr,"@Tyro not politically unorthodox, but rather a film that is both unorthodox and political"
2018-08-11,https://boxd.it/vbe9n,"@IsaacWatson No I have not, but I‚Äôve heard that this is considered to be an ‚ÄúAmerican remake done right,‚Äù so I‚Äôm assuming the original is either as good as this or worse"
2018-08-16,https://boxd.it/1eOHs,"@TotalRektcall yeah, I‚Äôm actually starting as a freshman this fall as well. I‚Äôm taking a film analysis class that I‚Äôm hyped for"
2018-08-18,https://boxd.it/1eOHs,"@TotalRektcall thanks man, same to you! I‚Äôve been looking into production as well, as I have some experience with and really enjoy editing. The only club I‚Äôve found is Tangible Productions and I‚Äôm not even sure if they‚Äôre active anymore. If you know of anything else or find something worthwhile where an editor might be needed, let me know! I‚Äôd love to work with you"
2018-08-30,https://boxd.it/vF8xX,"@greentee666 for sure, and there were parts of this movie that I genuinely loved. ¬†But they were heavily outweighed by all the shit, which makes me sad because this concept had huge potential to be a great movie"
2018-09-18,https://boxd.it/wogTH,I‚Äôm still hungry
2018-09-23,https://boxd.it/wKcJ3,Brilliant. I can‚Äôt think of anything to add to this
2018-10-06,https://boxd.it/xgDeP,@BlackNerdMagic yeah just riding out the rest of my subscription
2018-11-09,https://boxd.it/yACuV,"@HaloThree007 They have great chemistry, but I wasn‚Äôt blown away. ¬†Mahershala Ali‚Äôs peformance is pretty held-back for the most part, and Viggo Mortensen is just the physical manifestation of every Italian-American stereotype. But their chemistry makes it work"
2018-11-24,https://boxd.it/z9JZh,"@TheCinemaFreak that‚Äôs true, but she isn‚Äôt a sole leading lady like she is here; Emma Stone is also a lead. ¬†I guess what I meant is that this is the first time she‚Äôs gotten to lead an entire film and cast on her own"
2018-11-25,https://boxd.it/1Ycja,slap Do the Right Thing at #1 and you‚Äôre set
2018-11-27,https://boxd.it/zkL8r,"I despise you.
I despise what you bring out in me.
Your concerns are petty.


You are a stumbling block."
2018-12-09,https://boxd.it/zLCfH,"@RadBradH to be honest with you I had this at a tentative 4.5 initially, but I changed it to 4 because I‚Äôd rather leave room for growth than bump it down later (I plan to rewatch very soon).

That being said, the movie does lose some of its momentum in the last 20 minutes or so with some clich√©s and cheesiness that really stick out to me considering how original and genre-bending the rest of the movie was. ¬†Also, an interesting Morales family dynamic is set up but barely explored which was a bit disappointing. ¬†But these are still minor gripes with an excellent character-driven Spider-Man flick."
2018-12-09,https://boxd.it/zLCfH,"...adding onto that, I‚Äôm generally a very picky rater. ¬†I start a movie off at 2.5 stars (average) and then bump it up or down based on how I felt about it. ¬†5-stars is reserved for a small selection of movies that truly shook me to my core and had a big impact on me in some regard."
2018-12-15,https://boxd.it/A3OTv,@calvinkemph Yes!
2018-12-16,https://boxd.it/A3OTv,"@Jotard well, sorry to offend, but the white savior narrative doesn‚Äôt really have a religious connotation. Simply about a group of non-white people who, being unable to save themselves, are saved from their plight by a white hero who swoops in.

There is some religious imagery as well, though, as Eastwood‚Äôs character is clearly depicted as a Christ figure with the blatant crucifix-pose he makes near the end. If it wasn‚Äôt intentional then it was certainly a subconscious decision to make him like a messiah for the minority."
2018-12-16,https://boxd.it/A3OTv,"Also I know that the movie isn‚Äôt painting racism as good, obviously their intention was to say racism is wrong. But the way that they wrote the narrative and presented the racism makes it almost seem like the movie is supporting‚Äîor perhaps even rewarding‚ÄîKowalski‚Äôs racism."
2018-12-17,https://boxd.it/A6L0D,"@The_Fox¬†
Agreed."
2018-12-17,https://boxd.it/zLCfH,"@altmack

Honestly agree with everything you said and also JOIN THE UNIVERSITY FILM SOCIETY at UF if you want because it‚Äôs the closest thing we‚Äôve got to a film appreciation club and it‚Äôs pretty cool and fun"
2018-12-22,https://boxd.it/An3gh,"@TheFilmSlacker well, my mother is the type of viewer to ask a lot of questions and/or shout her thoughts at any given moment instead of waiting to see where the movie is going with a scene. And my father just cracks jokes left and right regardless of the movie, which really kills the mood for this one (especially in those final 15 minutes)"
2019-01-01,https://boxd.it/AWRRR,"@hgcaldwell00 I agree, but the Academy is pretty crazy. There‚Äôs probably like three movies that I‚Äôd be okay with winning Best Picture‚Äî<i>Roma</i>¬†included‚Äîbut it‚Äôs probably going to end up being something else entirely."
2019-01-06,https://boxd.it/ATNHR,Felt the same way on my first watch. It only gets better
2019-01-11,https://boxd.it/BCAzZ,truth
2019-01-11,https://boxd.it/BrMFX,"*nasally voice* well, you see, that‚Äôs the whole point"
2019-01-21,https://boxd.it/CdXST,this was incredibleeee
2019-02-21,https://boxd.it/E7hY7,"@Questionman101 Buster Scruggs was definitely the best, but I honestly really enjoyed them all about the same except for the final one"
2019-02-24,https://boxd.it/EghwP,"@adkstrick

Yeah but... <i>cool</i> shit"
2019-03-12,https://boxd.it/F7Cbf,"@garyliew I definitely think Captain Marvel¬†is better, though I was never a fan of Wonder Woman¬†in the first place"
2019-03-21,https://boxd.it/FzjPL,@Malvad ‚Äòtwas but a joke
2019-03-26,https://boxd.it/FILwF,"Well maybe my own high school experience was too limited. ¬†I seriously couldn‚Äôt imagine, in the modern day, there being two bullies that literally hit a disabled kid with their truck and then proceed to exit the truck and beat him up. ¬†And if they did exist then I hope to God they‚Äôd get SOME kind of punishment because they were just chilling throughout this movie"
2019-03-31,https://boxd.it/G3XpD,@Questionman101 Yeah it‚Äôs hard to find many things wrong with it at all
2019-04-01,https://boxd.it/G7nGh,no thrice
2019-04-02,https://boxd.it/GbkyR,*Seinfeld theme plays*
2019-04-08,https://boxd.it/Gs5Mj,@selmasri Alright I did it
2019-04-11,https://boxd.it/GAvjD,@5minutemovieguy it‚Äôs still worth the watch. You might even like it more than me
2019-04-11,https://boxd.it/GAvjD,@Blogferatu part of why I love film is the subjectivity. I‚Äôm glad you loved it!
2019-04-23,https://boxd.it/GdUed,This might be my favorite Gosling performance
2019-04-23,https://boxd.it/Hak29,"@Questionman101 3.5 is pretty much as high as my MCU ratings go but I consider that a really good movie, going off 2.5 as average"
2019-04-25,https://boxd.it/Hfb5D,How did you already see this
2019-04-25,https://boxd.it/Hfb5D,"@ben122500
Not in America"
2019-04-25,https://boxd.it/Hfb5D,"@ben122500
Dang I wish I had showings today. Mine is Thursday at 6"
2019-05-03,https://boxd.it/HBra9,"@Aditya
Love that moment, it‚Äôs so heart-warming! I want professor Hulk to be my dad"
2019-05-11,https://boxd.it/I0iHN,"@ahaynesy and I can‚Äôt imagine what you felt either. ¬†But really, how can I possibly view and rate this movie honestly when I‚Äôve grown up surrounded by its influence? ¬†It kinda blows that I can‚Äôt enjoy it the same way."
2019-05-14,https://boxd.it/IaeXn,"@isarge123¬†
that‚Äôs great to hear!"
2019-05-25,https://boxd.it/IChg3,OUCH
2019-05-27,https://boxd.it/IIWLX,"@ Juul
Very well put!"
2019-06-05,https://boxd.it/Jd27p,Oof ouch owie
2019-06-14,,I think you may have missed the point
2019-06-14,,"I saw it too, and I honestly had the same take for a little while. ¬†But I think that we shouldn‚Äôt be taking the film at face value. ¬†It makes a lot more sense if you view it as a blatant parody, like straight up tongue-in-cheek mockery"
2019-06-14,,"That‚Äôs fair, I definitely see what you‚Äôre saying though. ¬†Funny enough, we gave it the same rating! ¬†Just goes to show the subjectivity of it all"
2019-06-17,https://boxd.it/JNfov,Moonlight is on Netflix and if you don‚Äôt have Netflix I will literally give you my login we‚Äôre gonna make this happen
2019-06-24,https://boxd.it/K3OXH,"@colep83¬†
Say that again and you‚Äôre getting impeached Mr. Vice President"
2019-07-03,https://boxd.it/KBgFx,Never related to a review so much in my life
2019-07-16,https://boxd.it/LfWZT,"I look ahead at a clear sky
Ain‚Äôt gonna get there
But it‚Äôs a nice dream... it‚Äôs a nice dream"
2019-07-19,https://boxd.it/Lp6wF,"ah, I see you are embarking on the fabled marathon. perhaps you are a¬†<a href=""http://reddit.com/r/a24/wiki/a24_marathon"" style=""background-color: rgb(24, 28, 32); -webkit-text-size-adjust: 100%;"">reddit user?</a>"
2019-07-19,https://boxd.it/Lp6wF,"@owen yes, I know... because it is actually I! (seriously though if you ever want to drop your thoughts on the discussion threads since you‚Äôre already doing it that would be cool, the sub is growing but not too many people participate)"
2019-07-19,https://boxd.it/Lp6wF,we‚Äôre already on #16 but the old threads are still there
2019-07-19,https://boxd.it/Lp6wF,thanks legend your reviews are the shit
2019-07-22,https://boxd.it/LyaBR,"I think you‚Äôre right about a lot of people, but I went in giving this movie an honest chance, and just couldn‚Äôt get past the uncanniness on display. ¬†It‚Äôs gorgeous, and unbelievably realistic, but any time an animal was singing or laughing or crying it just felt so offputting to me. ¬†It was almost like watching Nat Geo footage that they had dubbed somehow.

I don‚Äôt know why I didn‚Äôt have this problem with <i>Jungle Book</i>, though. ¬†Maybe it‚Äôs just something to do with the facial structure of lions...? ¬†I have no clue. ¬† But I‚Äôm glad you love it and aren‚Äôt afraid to say it!"
2019-07-22,https://boxd.it/LyXh7,what is this Mickey Mouse bullshit I see before my very eyes
2019-07-22,,I guess I need you baaaabyyyy
2019-07-23,https://boxd.it/LCpsN,"I have several friends who had a similar reaction and then watched the movie many months later to find that they suddenly adore it and see it in a completely different light. Maybe it‚Äôll happen to you too!

(but even if it doesn‚Äôt it‚Äôs okay)"
2019-07-23,https://boxd.it/LzdWv,Cinema forgive me
2019-07-26,https://boxd.it/LMtnx,@Seb nah not gonna do it
2019-07-28,https://boxd.it/LT3kL,"@Dan ¬† Thanks for the tips! ¬†I think I‚Äôm gonna really dig the super weird stuff even if I were to just do Eraserhead like right now, but I‚Äôm still gonna build up to it probably"
2019-07-28,https://boxd.it/LTr2L,Now you know why I wrote a joke review
2019-07-29,https://boxd.it/LWOjB,Spoiler tag spoiler tag
2019-07-29,https://boxd.it/LWOjB,Oh I guess it just didn‚Äôt show up since I‚Äôve already logged it
2019-07-29,https://boxd.it/LXodf,@brett ¬†*gulp*
2019-08-06,https://boxd.it/MkCd5,Requiem for a Dream is gonna destroy you my man
2019-08-07,https://boxd.it/MoIT5,"Definitely felt the same way, but the subject matter is what makes it work for me. ¬†I like how it treated such a controversial topic with care and understanding to try and eliminate the stigma surrounding women‚Äôs choice."
2019-08-07,https://boxd.it/MoIT5,Couldn‚Äôt agree more
2019-08-10,https://boxd.it/Mzbel,Definitely a religious Taxi Driver
2019-09-02,https://boxd.it/NOiqH,Bruh
2019-09-03,https://boxd.it/1zrSa,"@Leo
nope"
2019-09-03,https://boxd.it/1zrSa,"@Leo
please no"
2019-09-06,https://boxd.it/O0yer,Perfect review
2019-09-07,https://boxd.it/O0wKl,"@Emily¬†
Bullying saves lives"
2019-09-09,https://boxd.it/O96cb,thank you queen I feel sane now
2019-09-09,,take this down immediately
2019-09-11,https://boxd.it/OhH03,"My hands shake as I read these lines. ¬†So well-written. ¬†I‚Äôm gonna have to debate about the ending next time I see you, though"
2019-09-14,https://boxd.it/OqPxH,"@Leo
I can‚Äôt remember... you know, memory‚Äôs unreliable. No, no, really! Memory‚Äôs not perfect; it‚Äôs"
2019-09-17,https://boxd.it/OqPxH,"@Lauren
I‚Äôm with you on that"
2019-09-17,https://boxd.it/OAcpJ,surrender to the dance
2019-09-17,https://boxd.it/OA8e3,"just like how Billi was afraid to let go of Nai Nai

I think that restrained feeling was intentional and lent to the atmosphere"
2019-09-17,https://boxd.it/OB6Jv,I‚Äôm so embarrassed I‚Äôm not a real person yet
2019-09-18,https://boxd.it/OA8e3,that‚Äôs fair I know the feel
2019-09-19,https://boxd.it/1zrSa,@Chris ¬†no but I really need to get on that
2019-09-19,https://boxd.it/OGr8b,wanna fight
2019-09-19,https://boxd.it/OE3mJ,@Khoi ¬†no one else stood a chance
2019-09-20,https://boxd.it/OJiNF,@Khoi ¬†ditto
2019-09-25,https://boxd.it/OYEgD,just call me angel
2019-09-25,https://boxd.it/OJiNF,@babykickbot3000 ¬†I‚Äôd appreciate if you did not do that
2019-10-26,https://boxd.it/QJ6Nh,"@Collin

<a href=""https://memory.is/brothers?utm_source=share&utm_medium=ios_app&utm_name=iossmf"" rel=""nofollow"">Here's a (perfectly legal) link</a>"
2019-10-29,https://boxd.it/QXMuT,"Yo, <i>WHAT</i>"
2019-11-15,https://boxd.it/RYsTl,"Really interesting to hear a different perspective amongst the waves of praise. I haven‚Äôt seen the movie yet, but your sentiments hit home with me regardless"
2019-11-18,https://boxd.it/SaPpx,Yer fond of me lobster ain‚Äôt ye?
2019-11-20,https://boxd.it/Sj9sx,Now that‚Äôs what I like to hear
2019-11-21,https://boxd.it/Smocb,Couldn‚Äôt agree more
2019-11-28,https://boxd.it/SJhi3,Baby scene most disturbing scene ever
2019-12-19,https://boxd.it/U7Y0t,Will god forgive u?
2019-12-21,https://boxd.it/UcKK3,"<b>@notxam ¬†</b>definitely true, but still holding out hope that this overall negative response is enough for them to realize that this was the wrong approach"
2019-12-27,https://boxd.it/RYsTl,Can I please get a waffle
2019-12-27,https://boxd.it/ULIBN,Yuh yuh yuh
2020-01-12,https://boxd.it/WhbRV,I don‚Äôt know how all of you liked this movie literally nothing happens the entire time and the only good performance came from Stanley the dog
2020-01-12,https://boxd.it/WhbRV,@A.J ¬†get pranked bro I actually do like the movie
2020-01-22,https://boxd.it/Xgn49,<b>@Lizard King</b>¬† ¬†It‚Äôs just plain funny and also I didn‚Äôt make it idk who did
2020-01-24,https://boxd.it/XsvzX,<b>@Leo </b>¬†ü§î
2020-01-25,https://boxd.it/LyaBR,I love when a big mean dummy blows up my notifications
2020-01-27,https://boxd.it/XMKdH,can never look at her the same after
2020-02-11,https://boxd.it/Z5pFd,"I love these so much everybody keep commenting where you were

as for me I was at a big Oscars party and I leapt so high my fists hit the ceiling and I hugged everyone within 10 feet of me"
2020-02-13,https://boxd.it/ZfHZl,"@Bradley ¬†yeah they did a limited one night screening, and a are doing a limited expansion on Valentine‚Äôs Day (not where I am though)"
2020-02-13,https://boxd.it/ZfHZl,@Bradley ¬† I think they are doing a wider release in March so don‚Äôt lose hope yet
2020-02-14,https://boxd.it/ZfHZl,@Leo ¬† don‚Äôt ask me shit like that man
2020-02-15,https://boxd.it/Zl3Zn,was actually going to watch this last night until I saw they took it off Netflix
2020-02-16,https://boxd.it/ZsUnb,Check him out
2020-02-19,https://boxd.it/ZN3g9,@Vance ¬†dammit I‚Äôve been spotted
2020-02-21,https://boxd.it/1009kd,@ezra ¬† literally just vibing
2020-02-25,https://boxd.it/10gAQ3,he‚Äôs a master alright. master of pissing me right the hell off
2020-02-26,https://boxd.it/10ng6j,"@Owen ¬†oh, to be close enough to smell his breath üíï"
2020-02-28,https://boxd.it/10xz6d,come live in the lovely motels of backwater Orlando
2020-03-01,https://boxd.it/10G4n1,at least it won best picture at the spirit awards
2020-03-01,https://boxd.it/10IOI9,"that‚Äôs just, like, your opinion man"
2020-03-20,https://boxd.it/12fP5H,bong nation rise up
2020-03-23,https://boxd.it/12Bt9h,This man just published a review in the future I can‚Äôt believe it
2020-03-28,https://boxd.it/12ZppN,maybe one of the best endings of all time ever period
2020-03-28,https://boxd.it/12VANN,"we build our legacy piece by piece and maybe the whole world will remember you or maybe just a couple of people, but you do what you can to make sure you're still around after you're gone"
2020-03-29,https://boxd.it/13cQd1,damn ok go off
2020-03-29,https://boxd.it/13dGHn,u should check out the og! u might be surprised
2020-03-29,https://boxd.it/13dGHn,"so many great payoffs in 2049 from the original
one day you shall see it through to the end I‚Äôm manifesting it"
2020-03-29,https://boxd.it/13fCZL,oh it‚Äôs good alright
2020-03-29,https://boxd.it/13hKGV,Didn‚Äôt Vibe With This One
2020-03-29,https://boxd.it/13hpOz,that‚Äôs Haneke for you
2020-03-30,https://boxd.it/13q9DX,this fuckin guy
2020-03-31,https://boxd.it/53EkM,first reformed made the list ü•¥üòçü•∞ü§§
2020-04-01,https://boxd.it/RDOcB,"thank u so much grace I‚Äôm so flattered ü•∫
but like seriously WHAT IS IT"
2020-04-03,https://boxd.it/13SY8H,"WHAT
GENRE
IS
THIS"
2020-04-05,https://boxd.it/143r8V,Oh god oh fuck I‚Äôm getting destroyed this round
2020-04-05,https://boxd.it/143r8V,nah Koyaanisqatsi is literally the perfect choice
2020-04-05,https://boxd.it/144U0j,"I feel like... grabbing you by your ears right now, and screaming, ‚ÄúI‚Äôm not fucking interested.‚Äù"
2020-04-05,https://boxd.it/147eQN,furries rise up
2020-04-05,https://boxd.it/143x2J,my new favorite letterboxd user
2020-04-06,https://boxd.it/149U5X,Check him out he watched it
2020-04-06,https://boxd.it/14i74f,"<a href=""https://imgur.com/a/MjmHffQ"" title=""oh man... he‚Äôs just like me!"">oh man... he‚Äôs just like me!</a>"
2020-04-07,https://boxd.it/14oamj,I don‚Äôt even know most of them so I didn‚Äôt have to bear that burden thank god. Still feel like my rating is pretty generous though haha
2020-04-07,https://boxd.it/14ppC9,funny guy
2020-04-09,https://boxd.it/14CvyX,A Lot
2020-04-11,https://boxd.it/14PmJN,I Am Going To Hurt You
2020-04-11,https://boxd.it/14S7Ct,"oh my god I‚Äôm so hyped for this it‚Äôs going down soon

after this and the other two they added to hulu I‚Äôll have watched em all mwahahahaha"
2020-04-11,https://boxd.it/14S7Ct,that‚Äôs actually a lie there‚Äôs still memories of murder
2020-04-11,https://boxd.it/14TxUv,Same experience on my first watch
2020-04-13,https://boxd.it/15bd9v,It‚Äôs already done.
2020-04-13,https://boxd.it/15bd9v,Bruh I‚Äôm about to film fight
2020-04-13,https://boxd.it/15bd9v,even if we separate them into two trilogies I think 3 is better than 1
2020-04-13,https://boxd.it/15bd9v,You‚Äôre goddamn right it‚Äôs a Nick Wibert Moment
2020-04-14,https://boxd.it/15jAaH,"*to be read in Vance‚Äôs voice* 
Well, looking at it relative to the rest of Kaufman‚Äôs work, I‚Äôd personally say it‚Äôs a solid 7."
2020-04-16,https://boxd.it/15wQdt,HELL yeah
2020-04-16,https://boxd.it/Nxa61,no
2020-04-28,https://boxd.it/16VLSl,Gorlami
2020-04-28,https://boxd.it/16YSN9,Haha nice
2020-04-28,https://boxd.it/16CyZP,I‚Äôd personally give it a 4.25567
2020-04-29,https://boxd.it/17arON,Gorlami
2020-05-06,https://boxd.it/182TIh,WALRUSES NEVER CRY
2020-05-15,https://boxd.it/18Z9nl,Nice
2020-05-15,https://boxd.it/18M7Uh,damn that‚Äôs awesome! that sounds like a great paper
2020-05-15,https://boxd.it/191L9Z,"funny enough, all the ones I missed were NORMAL CUTS!! I was so focused on identifying the ‚Äúhidden‚Äù cuts that I didn‚Äôt even notice them... damn"
2020-05-17,https://boxd.it/QwBDV,coward
2020-05-17,https://boxd.it/OUnpv,I'm good. Nah. I'll pass.
2020-05-19,https://boxd.it/191L9Z,now I‚Äôm reading an article about it for class and it says there‚Äôs 12 cuts. I‚Äôve been double duped
2020-05-19,https://boxd.it/19xTzZ,oh shit!
2020-05-22,https://boxd.it/19vOqT,ruh roh
2020-05-27,https://boxd.it/1aeBR3,das been my ringtone for the past 5 years
2020-05-27,https://boxd.it/1aeBR3,my ringer always off ü§≠
2020-05-31,https://boxd.it/1aT2wV,Hey look Everybody we got a funny guy
2020-06-02,https://boxd.it/1b4xin,cringe
2020-06-02,https://boxd.it/1aT4xB,"@Leo ¬† yeah, yeah... good picture"
2020-06-04,https://boxd.it/1biFTz,I definitely will!! my neighbor totoro and spirited away are next on the list fo sho
2020-06-05,https://boxd.it/1biFTz,"@grace ¬†I bet it slips under the radar a lot because it is very much grounded in reality and feels like a biopic, which is just so different from everything else miyazaki has done"
2020-06-05,https://boxd.it/1biFTz,literally all I remember is that Noah Cyrus did the dub for Ponyo and I just think that‚Äôs amazing
2020-06-05,https://boxd.it/17dRrh,I forgot to let you know how epic this comment was
2020-06-07,https://boxd.it/1bCRkV,"@ethan ¬†anomalisa, fantastic mr. fox, into the spider-verse are the ones off the top of my head. I have so many I still need to watch though"
2020-06-09,https://boxd.it/1bPo4v,bruh
2020-06-11,https://boxd.it/1c22Nf,yeah the movie makes a lot more sense when there‚Äôs no hammering and drilling drowning it out
2020-06-12,https://boxd.it/1c7WXZ,oh HELL yeah
2020-06-12,https://boxd.it/1ca5dv,bruh
2020-06-16,https://boxd.it/1czLwf,"I mean true, but that‚Äôs still what it is at its core (esp season 2)"
2020-06-17,https://boxd.it/1czLwf,I‚Äôm already tryna rewatch
2020-06-17,https://boxd.it/1cFXOn,damn straight
2020-06-19,https://boxd.it/1cV0B7,she‚Äôs not cappin
2020-06-19,https://boxd.it/1cV4hP,Dude caught up to me
2020-06-19,https://boxd.it/1cV4hP,"Hello it‚Äôs June 19, 2020. Here in Twin Peaks, beautiful blue skies, golden sunshine coming on"
2020-06-22,https://boxd.it/1ddsNV,the criterion channel!!
2020-06-23,https://boxd.it/1ddsNV,free trial üëÄ
2020-07-02,https://boxd.it/1eahV3,since it‚Äôs technically a series I don‚Äôt really wanna give it a star rating but like yeah as far as television goes it‚Äôs 5 stars
2020-07-02,https://boxd.it/1eahV3,bruh
2020-07-03,https://boxd.it/1efpMN,let‚Äôs fuckin do it
2020-07-18,https://boxd.it/1fU9d9,ruff ruff grrrrruff ruff
2020-07-29,https://boxd.it/1h1VoR,"shoutout to Adam for lending me his blu-ray, this review wouldn‚Äôt have been possible without you big guy"
2020-07-29,https://boxd.it/1h1VoR,bruh I just need some time
2020-07-29,https://boxd.it/1h34V3,LETS FUCKING GOOOOOO
2020-08-07,https://boxd.it/1hW4kV,Waaaaahhh
2020-08-09,https://boxd.it/1i5Amx,"well yeah I know, but then they take advantage of him to make for good TV on top of that

The part I‚Äôm talking about is when he is assigned by his workplace to travel by ferry, and he is clearly reluctant to do it but goes anyway, and as he slowly walks on the pier you see a deliberately placed rowboat that is like half underwater

I love it so much because it works as an introduction to his fear like any other movie would, but has that added layer of this being a giant movie set so you know his assignment and that sinking boat were all planned out to make for a dramatic moment by taking advantage of his trauma"
2020-08-12,https://boxd.it/1iuDpf,I hope you marked this as having spoilers
2020-08-13,https://boxd.it/1iyHL3,ur welcome
2020-08-28,https://boxd.it/1k7e5L,respectively?
2020-08-30,https://boxd.it/1khk5x,"@Leo 
that is the defining moment of the film, illustrating Lynch‚Äôs overarching thesis as a filmmaker through one line and a slap"
2020-09-02,https://boxd.it/1kHj7z,"maddest respect for you trucking through all the bad vibes we were dishing out and not letting it ruin your experience

This man got me wanting to rewatch now"
2020-09-03,https://boxd.it/1kHjpt,yah they are but prob not the safest place to be... üò≥
2020-09-08,https://boxd.it/1lf9kB,holy shit this may be your fattest L yet...
2020-09-11,https://boxd.it/1lgSqV,oh yeah definitely
2020-09-14,https://boxd.it/1lXO8p,reverend toller can fucking get it too
2020-09-17,https://boxd.it/1mcNYf,‚ÄúThis is most definitely a gem of modern film that will be cherished and studied by film students for many years to come. ¬†One could discuss this movie for hours.‚Äù
2020-09-17,https://boxd.it/1mcNYf,Maybe so but it‚Äôs still got me cringing
2020-09-17,https://boxd.it/1mcNYf,@Bradley ¬†me now: hot guy stomp man‚Äôs head in haha
2020-09-19,https://boxd.it/1mcNYf,@grace ¬†on my film bro shit üòé
2020-09-24,https://boxd.it/1mlYgV,nah Tilda was like his aunt
2020-09-26,https://boxd.it/1n5get,most non-heinous
2020-10-03,https://boxd.it/1nNYIl,"well despite my negative review I‚Äôd still say it‚Äôs worth a watch for fans. Samara Weaving / Brigette Lundy-Paine bring some very needed youthful energy and Alex Winter is surprisingly good, but Keanu is more wooden than ever. ¬†hate to see it"
2020-10-08,https://boxd.it/1on3sR,doubt
2020-10-14,https://boxd.it/1j8TKt,Bruh
2020-10-17,https://boxd.it/1pnsbb,preach
2020-10-22,https://boxd.it/1p5WtD,"thanks elijah, wish I knew who made it... some legend on twitter who I am forever indebted to"
2020-10-22,https://boxd.it/1p5WtD,hold up. your profile pic looks super similar in style... was it you??
2020-10-24,https://boxd.it/1p5WtD,yo how did you do that? just photoshop?
2020-10-24,https://boxd.it/1p5WtD,"I was not aware of this app... I am eternally grateful for this knowledge, thank you"
2020-11-03,https://boxd.it/1rmcbb,"yes!! 2 hour drive but so worth it! can‚Äôt believe a letterboxd pal was in there w me

also stayed after for the showing of FWWM at 7"
2020-11-03,https://boxd.it/1rmcbb,thank you! it‚Äôs so wild that we were at the same theater
2020-11-03,https://boxd.it/1rn1Tt,sobbing in between bites of cheese flatbread pizza
2020-11-10,https://boxd.it/1s3Vut,...L
2020-11-17,https://boxd.it/1sJi9b,I‚Äôm going to become the Uber driver
2020-11-17,https://boxd.it/1sJi9b,I‚Äôm going to become Spree
2020-11-17,https://boxd.it/1eOHs,@Luca ¬†chronological order by release date
2020-11-24,https://boxd.it/1tfuBb,of course!
2020-12-01,https://boxd.it/1ubVPP,@ grace ¬†üò≥üß†‚Äî‚Äî‚Äî‚Äîüß†üò≥ neuralink
2020-12-01,https://boxd.it/1ueuL3,nah that‚Äôs completely in pocket
2020-12-01,https://boxd.it/1uesu5,NICE
2020-12-05,https://boxd.it/1uGFA7,"we see you
nicole"
2020-12-07,https://boxd.it/1uGUpt,someone tell me what I‚Äôm missing
2020-12-07,https://boxd.it/1uGTFF,what is being missed we want to know
2021-01-01,https://boxd.it/1yfHXp,@Seb ¬†breh
2021-01-01,https://boxd.it/1yfHXp,"@Austin ¬† haven‚Äôt watched any from him yet, that makes me excited to get on it. happy new year!"
2021-01-02,https://boxd.it/1yrp6V,you know it
2021-01-06,https://boxd.it/1zclXl,it‚Äôs on HBO Max and the criterion channel if you have either of those
2021-01-06,https://boxd.it/1zernH,"wow, I watched this today too! we have a connection gabriel"
2021-01-07,https://boxd.it/1znDZ7,here you go sir you dropped a star
2021-01-21,https://boxd.it/1BoC53,"true, don‚Äôt know why I didn‚Äôt think of that..."
2021-01-23,https://boxd.it/1BOLyl,Blocked and reported
2021-01-24,https://boxd.it/1BU8XD,No contest
2021-01-27,https://boxd.it/1CnSQL,"<a href=""https://boxd.it/9Z1ff"">Nice man. Welcome to the review club. Well worded. Beautiful man</a>"
2021-01-29,https://boxd.it/1CEk4d,Please keep the reviews coming. This is what my life needed
2021-01-30,https://boxd.it/1CNw8z,Holy shit. You are so brave for saying this. The only man on this app who tells it like it is
2021-02-02,https://boxd.it/1D9GbR,Damn. Exhausting and Kaufman-esque in the same sentence. This guy‚Äôs asking for trouble
2021-02-13,https://boxd.it/1EH8T3,you‚Äôve always been a big-brained movie watcher
2021-03-11,https://boxd.it/1Iq9ex,Facts moment
2021-04-20,https://boxd.it/1O3L6z,Come back to it in a few years my man you might like it more
2021-04-20,https://boxd.it/1NucRv,yeahhhhh üò¨
2021-05-11,https://boxd.it/1R0Cnx,cant say I‚Äôm surprised... u got the link tho?
2021-05-11,https://boxd.it/1R0Cnx,much obliged
2021-05-16,https://boxd.it/1PgLlp,what a great story Chad! Thank you for sharing
2021-06-13,https://boxd.it/1ViDcn,"Definitely, I enjoyed it but it‚Äôs just incredibly dense, as I assume the rest of Tarkovsky‚Äôs films are (this is my first)"
2021-06-13,https://boxd.it/1ViDcn,But also incredibly simple at the same time...? Excited to rewatch
2021-07-04,https://boxd.it/1XAY1T,you gotta go!!
2021-07-10,https://boxd.it/1YQtN9,!!! Ikr
2021-07-10,https://boxd.it/1YQtN9,nah I was like 13 when it came out I prob would have had some kind of awakening üò≥ I watched it senior year of hs
2021-07-16,https://boxd.it/1ZRmIH,I had the pleasure of seeing this in theaters
2021-07-26,https://boxd.it/21f43D,"@vance I watched it with my entire family who laughed through the whole thing, so I‚Äôm definitely gonna rewatch it on my own before it leaves theaters"
2021-07-28,https://boxd.it/21CJgp,Tommy moment
2021-08-03,https://boxd.it/22v0mH,@vance you gotta throw together a ‚Äúdad-core‚Äù letterboxd list
2021-08-18,https://boxd.it/24KfVb,Pardon me
2021-08-18,https://boxd.it/24KfVb,The film or dick
2021-08-18,https://boxd.it/24KfVb,Nice
2021-08-18,https://boxd.it/24KfVb,"I loved it, definitely feels like one of those movies I rewatch later down the line and love even more"
2021-08-21,https://boxd.it/258uAv,Tarantino‚Äôs best movie? Think yes
2021-09-08,https://boxd.it/27jlhz,üò≥üòëüò≥
2021-09-09,https://boxd.it/27IZUB,Yes
2021-09-13,https://boxd.it/28mBjL,Venommmmmm I got that adrenaline momentummmm and immmm not knowin when immmm
2021-09-13,https://boxd.it/28mBjL,worst possible time to leave
2021-09-18,https://boxd.it/A3OTv,"Damn I had no idea there was so much activity on this review. In my defense I was a fresh 18-year old when I wrote it haha, I definitely want to give it a rewatch"
2021-10-23,https://boxd.it/2e4LIp,Blocked
2021-10-24,https://boxd.it/2e4LIp,God bless you
2021-10-29,https://boxd.it/2f2RPL,my apologies
2021-11-03,https://boxd.it/2fWqZr,It‚Äôs an honor
2021-11-03,https://boxd.it/2fWqZr,Thank you for the love everyone don‚Äôt forget to like and subscribe
2021-11-09,https://boxd.it/2gSMSt,"<a href=""https://youtu.be/cVuWQlI7ij8"" title=""DUH NAH DUH NAH DUH NAH DUH NAH DUH NAH DUH NAH"">DUH NAH DUH NAH DUH NAH DUH NAH DUH NAH DUH NAH</a>"
2021-11-15,https://boxd.it/2hJNlr,W
