Date,Name,Year,Letterboxd URI
2016-05-18,The Revenant,2015,https://boxd.it/8H5e
2016-05-18,The Ring,2002,https://boxd.it/2a70
2016-05-18,Die Hard,1988,https://boxd.it/2a7u
2016-05-18,The Godfather,1972,https://boxd.it/2aNK
2016-05-18,The Godfather: Part II,1974,https://boxd.it/2aNq
2016-05-18,Night of the Living Dead,1968,https://boxd.it/1WwA
2016-05-18,Schindler's List,1993,https://boxd.it/2aq2
2016-05-19,Sling Blade,1996,https://boxd.it/1RRo
2016-05-19,Selma,2014,https://boxd.it/8jak
2017-04-24,Colossal,2016,https://boxd.it/biZi
2017-05-31,"The Good, the Bad and the Ugly",1966,https://boxd.it/2ape
2017-05-31,Aliens,1986,https://boxd.it/29PA
2017-05-31,Hunt for the Wilderpeople,2016,https://boxd.it/cTgG
2017-05-31,American History X,1998,https://boxd.it/2bdo
2017-05-31,Sing Street,2016,https://boxd.it/cOo6
2017-05-31,The Green Mile,1999,https://boxd.it/2agG
2017-05-31,Dazed and Confused,1993,https://boxd.it/1Ylk
2017-05-31,Warrior,2011,https://boxd.it/i3G
2017-05-31,Catch Me If You Can,2002,https://boxd.it/29VS
2017-05-31,Hell or High Water,2016,https://boxd.it/bfGM
2017-05-31,A Single Man,2009,https://boxd.it/1dx4
2017-05-31,Platoon,1986,https://boxd.it/29BS
2017-05-31,Kiss Kiss Bang Bang,2005,https://boxd.it/23c8
2017-05-31,The Tree of Life,2011,https://boxd.it/1Zu8
2017-05-31,Dallas Buyers Club,2013,https://boxd.it/4O8G
2017-05-31,Midnight in Paris,2011,https://boxd.it/i4a
2017-05-31,The King's Speech,2010,https://boxd.it/dX0
2017-05-31,Mud,2012,https://boxd.it/3wPA
2017-05-31,The Aviator,2004,https://boxd.it/26BU
2017-05-31,Steve Jobs,2015,https://boxd.it/araG
2017-05-31,T2 Trainspotting,2017,https://boxd.it/5vTA
2017-05-31,The Imitation Game,2014,https://boxd.it/6aig
2017-05-31,The Town,2010,https://boxd.it/1zyS
2017-10-13,Pusher II: With Blood on My Hands,2004,https://boxd.it/1U7y
2017-10-13,Pusher,1996,https://boxd.it/27wG
2017-10-13,Pusher III,2005,https://boxd.it/1U7e
2017-11-30,Apocalypse Now,1979,https://boxd.it/6ZS
2017-12-10,Best F(r)iends: Volume 1,2017,https://boxd.it/eSS4
2017-12-13,Brigsby Bear,2017,https://boxd.it/ebkS
2017-12-17,Woodshock,2017,https://boxd.it/dTzg
2017-12-30,Molly's Game,2017,https://boxd.it/dSl8
2017-12-30,Darkest Hour,2017,https://boxd.it/dZZa
2017-12-30,Carol,2015,https://boxd.it/7DPK
2017-12-30,The Post,2017,https://boxd.it/fTeG
2017-12-30,Brawl in Cell Block 99,2017,https://boxd.it/dWOo
2017-12-30,Titanic,1997,https://boxd.it/2a2k
2017-12-30,Gravity,2013,https://boxd.it/GZY
2017-12-30,Lion,2016,https://boxd.it/b2La
2017-12-30,Psycho,1960,https://boxd.it/2ab2
2017-12-30,The Square,2017,https://boxd.it/e5YW
2017-12-30,Silver Linings Playbook,2012,https://boxd.it/2TTo
2017-12-30,The Great Gatsby,2013,https://boxd.it/JY
2017-12-30,V for Vendetta,2005,https://boxd.it/29Ik
2017-12-30,Looper,2012,https://boxd.it/ham
2017-12-30,Gladiator,2000,https://boxd.it/2b9m
2017-12-30,The Neon Demon,2016,https://boxd.it/9AnW
2017-12-30,Stand by Me,1986,https://boxd.it/2aOe
2017-12-30,Inherent Vice,2014,https://boxd.it/5hla
2017-12-30,Scarface,1983,https://boxd.it/2b7g
2017-12-30,Suspiria,1977,https://boxd.it/1SNW
2017-12-30,"Hail, Caesar!",2016,https://boxd.it/881G
2017-12-30,Heat,1995,https://boxd.it/2bg8
2017-12-30,Heathers,1989,https://boxd.it/26x4
2017-12-30,Breakfast at Tiffany's,1961,https://boxd.it/2aYS
2017-12-30,127 Hours,2010,https://boxd.it/SLa
2017-12-30,"O Brother, Where Art Thou?",2000,https://boxd.it/2b3I
2017-12-30,Gangs of New York,2002,https://boxd.it/25FG
2017-12-30,Mommy,2014,https://boxd.it/7Uau
2017-12-30,Carrie,1976,https://boxd.it/20ZQ
2017-12-30,Close Encounters of the Third Kind,1977,https://boxd.it/29u8
2017-12-30,The Hunt,2012,https://boxd.it/3wEC
2017-12-30,I Killed My Mother,2009,https://boxd.it/1ubO
2018-01-14,Revenge of the Green Dragons,2014,https://boxd.it/8TpK
2018-01-14,The Captive,2014,https://boxd.it/7bNG
2018-01-14,Son of a Gun,2014,https://boxd.it/9j6a
2018-01-14,While We're Young,2014,https://boxd.it/7oOs
2018-01-14,Cut Bank,2014,https://boxd.it/8qZk
2018-01-14,Slow West,2015,https://boxd.it/6CwK
2018-01-14,Barely Lethal,2015,https://boxd.it/7hMu
2018-01-14,Amy,2015,https://boxd.it/aSNU
2018-01-14,The End of the Tour,2015,https://boxd.it/7jIE
2018-01-14,Dark Places,2015,https://boxd.it/5ylc
2018-01-14,Mississippi Grind,2015,https://boxd.it/9UfI
2018-01-14,Mojave,2015,https://boxd.it/6ZHQ
2018-01-14,Remember,2015,https://boxd.it/9DfG
2018-01-14,The Adderall Diaries,2015,https://boxd.it/8kIs
2018-01-14,De Palma,2015,https://boxd.it/bZDk
2018-01-14,Equals,2015,https://boxd.it/9BAM
2018-01-14,Into the Forest,2015,https://boxd.it/b2KG
2018-01-14,Morris from America,2016,https://boxd.it/bSjs
2018-01-14,The Sea of Trees,2015,https://boxd.it/987m
2018-01-14,American Honey,2016,https://boxd.it/bk7C
2018-01-14,Supersonic,2016,https://boxd.it/eyzG
2018-01-14,The Monster,2016,https://boxd.it/bjlo
2018-01-14,Trespass Against Us,2016,https://boxd.it/7zis
2018-01-14,The Blackcoat's Daughter,2015,https://boxd.it/b2Km
2018-01-14,The Lovers,2017,https://boxd.it/f5om
2018-01-14,The Exception,2016,https://boxd.it/bj1y
2018-01-14,Menashe,2017,https://boxd.it/fbvo
2018-01-14,The Ballad of Lefty Brown,2017,https://boxd.it/fzsS
2018-01-18,Elle,2016,https://boxd.it/bdhq
2018-01-27,The Artist,2011,https://boxd.it/2AwK
2018-01-28,Hostiles,2017,https://boxd.it/dpiO
2018-01-29,A Scanner Darkly,2006,https://boxd.it/25jK
2018-02-03,Things to Come,2016,https://boxd.it/d0wc
2018-02-04,Rashomon,1950,https://boxd.it/2a9K
2018-02-04,Ran,1985,https://boxd.it/1Tlu
2018-02-04,Ikiru,1952,https://boxd.it/251c
2018-02-04,Yojimbo,1961,https://boxd.it/1SRY
2018-02-04,Throne of Blood,1957,https://boxd.it/251w
2018-02-04,The Hidden Fortress,1958,https://boxd.it/295M
2018-02-04,Sanjuro,1962,https://boxd.it/1TaQ
2018-02-04,Kagemusha,1980,https://boxd.it/1SGG
2018-02-06,Pan's Labyrinth,2006,https://boxd.it/28No
2018-02-18,Walk the Line,2005,https://boxd.it/2bdS
2018-03-04,Life of Brian,1979,https://boxd.it/2a4q
2018-03-05,Amores Perros,2000,https://boxd.it/2bfu
2018-03-11,A Fantastic Woman,2017,https://boxd.it/fcGi
2018-03-15,My Left Foot: The Story of Christy Brown,1989,https://boxd.it/1WW4
2018-03-15,Milk,2008,https://boxd.it/1WZC
2018-03-15,Trumbo,2015,https://boxd.it/9gG0
2018-03-17,Gook,2017,https://boxd.it/fm6O
2018-03-17,Disobedience,2017,https://boxd.it/ePFG
2018-03-21,"Love, Simon",2018,https://boxd.it/g02s
2018-03-25,Spartacus,1960,https://boxd.it/29bq
2018-03-25,Lolita,1962,https://boxd.it/29Ag
2018-04-27,Gemini,2017,https://boxd.it/ex2Q
2018-06-14,Tampopo,1985,https://boxd.it/1SZe
2018-06-14,The House That Jack Built,2018,https://boxd.it/dWO4
2018-06-21,The Seagull,2018,https://boxd.it/bob4
2018-07-18,Videodrome,1983,https://boxd.it/29uC
2018-11-25,Winter Light,1963,https://boxd.it/1nrU
2019-03-09,Taking Lives,2004,https://boxd.it/1UGI
2019-03-11,Adopt a Highway,2019,https://boxd.it/kImk
2019-04-20,Her Smell,2018,https://boxd.it/iT5q
2019-06-26,A Face in the Crowd,1957,https://boxd.it/2lyc
2019-08-10,Police Story,1985,https://boxd.it/1Zhe
2019-09-27,Hanna,2011,https://boxd.it/DBE
2019-09-27,Moneyball,2011,https://boxd.it/glS
2019-09-27,"Paris, Je T'Aime",2006,https://boxd.it/273a
2019-10-23,Revenge,2017,https://boxd.it/gL9g
2019-11-06,Luce,2019,https://boxd.it/hKuu
2019-11-10,Motherless Brooklyn,2019,https://boxd.it/ieJk
2019-11-12,Unbelievable,2019,https://boxd.it/noio
2019-11-17,The Last Temptation of Christ,1988,https://boxd.it/1ULe
2019-11-22,Charlie's Angels,2019,https://boxd.it/gogo
2019-12-06,Dark Waters,2019,https://boxd.it/kaYu
2019-12-11,Mistress America,2015,https://boxd.it/9UfS
2019-12-21,A Hidden Life,2019,https://boxd.it/eb1Q
2020-01-11,Color Out of Space,2019,https://boxd.it/k1HY
2020-01-14,The Two Popes,2019,https://boxd.it/k8Xk
2020-01-22,A Woman Under the Influence,1974,https://boxd.it/1myg
2020-01-30,Trance,2013,https://boxd.it/2cAS
2020-02-11,The Host,2006,https://boxd.it/28ZY
2020-02-15,First Cow,2019,https://boxd.it/krga
2020-02-16,Tomboy,2011,https://boxd.it/49U
2020-02-16,Girlhood,2014,https://boxd.it/7WyI
2020-02-16,Brief Encounter,1945,https://boxd.it/29sm
2020-02-16,Nocturama,2016,https://boxd.it/dfdk
2020-02-19,A Taxi Driver,2017,https://boxd.it/fwac
2020-02-21,"Jeanne Dielman, 23, Quai du Commerce 1080 Bruxelles",1975,https://boxd.it/T18
2020-02-23,Holy Motors,2012,https://boxd.it/3wai
2020-02-28,Personal Shopper,2016,https://boxd.it/bkGM
2020-02-28,Night on Earth,1991,https://boxd.it/2ayq
2020-02-28,Dogville,2003,https://boxd.it/2a8W
2020-02-28,Adaptation.,2002,https://boxd.it/26mA
2020-02-28,Cléo from 5 to 7,1962,https://boxd.it/2agm
2020-02-28,City Lights,1931,https://boxd.it/29ki
2020-02-28,The Curious Case of Benjamin Button,2008,https://boxd.it/23Fk
2020-02-28,Chungking Express,1994,https://boxd.it/1UDa
2020-02-28,Pain and Glory,2019,https://boxd.it/iOBQ
2020-02-28,Amélie,2001,https://boxd.it/2aUc
2020-02-28,Yi Yi,2000,https://boxd.it/1vCw
2020-02-28,Fallen Angels,1995,https://boxd.it/1UkW
2020-02-28,The Truth,2019,https://boxd.it/iKOQ
2020-02-28,The Royal Tenenbaums,2001,https://boxd.it/1YHU
2020-02-28,American Beauty,1999,https://boxd.it/71Y
2020-02-28,The Wrestler,2008,https://boxd.it/1So8
2020-02-28,It's Such a Beautiful Day,2012,https://boxd.it/hCY2
2020-02-28,"Sex, Lies, and Videotape",1989,https://boxd.it/28Oc
2020-02-28,Let the Right One In,2008,https://boxd.it/1Qr0
2020-02-28,Brokeback Mountain,2005,https://boxd.it/2b2q
2020-02-28,Ali: Fear Eats the Soul,1974,https://boxd.it/2aRi
2020-02-28,Sunset Boulevard,1950,https://boxd.it/2a20
2020-02-28,Vertigo,1958,https://boxd.it/2apI
2020-02-28,City of God,2002,https://boxd.it/2a2a
2020-02-28,Certified Copy,2010,https://boxd.it/IMW
2020-02-28,Enter the Void,2009,https://boxd.it/1dy2
2020-02-28,The Act of Killing,2012,https://boxd.it/44Cg
2020-02-28,Fanny and Alexander,1982,https://boxd.it/22go
2020-02-28,Decalogue I,1989,https://boxd.it/3WmE
2020-02-28,Pierrot le Fou,1965,https://boxd.it/26j2
2020-02-28,Waking Life,2001,https://boxd.it/1Zdc
2020-02-28,Satantango,1994,https://boxd.it/1j9M
2020-02-28,Ordet,1955,https://boxd.it/Jiy
2020-02-28,The Night of the Hunter,1955,https://boxd.it/25HW
2020-02-28,Wings of Desire,1987,https://boxd.it/2b26
2020-02-28,Céline and Julie Go Boating,1974,https://boxd.it/1sGA
2020-02-28,The Holy Mountain,1973,https://boxd.it/20mu
2020-02-28,As I Was Moving Ahead Occasionally I Saw Brief Glimpses of Beauty,2000,https://boxd.it/4gcu
2020-02-28,The Discreet Charm of the Bourgeoisie,1972,https://boxd.it/2440
2020-02-28,Mirror,1975,https://boxd.it/28Q8
2020-02-28,L'Avventura,1960,https://boxd.it/23hs
2020-02-28,Au Hasard Balthazar,1966,https://boxd.it/1E3g
2020-02-28,Dekalog,1989,https://boxd.it/bv4u
2020-02-28,Princess Mononoke,1997,https://boxd.it/2b4w
2020-02-28,Tokyo Story,1953,https://boxd.it/1HuY
2020-02-28,Lawrence of Arabia,1962,https://boxd.it/2wRE
2020-02-28,The Sisters Brothers,2018,https://boxd.it/fDFm
2020-03-02,In Time,2011,https://boxd.it/FPS
2020-03-14,Jennifer's Body,2009,https://boxd.it/1Efw
2020-04-02,Rear Window,1954,https://boxd.it/2a6Q
2020-04-06,Mishima: A Life in Four Chapters,1985,https://boxd.it/1sBA
2020-04-08,Berberian Sound Studio,2012,https://boxd.it/3T30
2020-04-10,All About My Mother,1999,https://boxd.it/2b9c
2020-04-13,Blow Out,1981,https://boxd.it/1TlE
2020-04-14,The Social Network,2010,https://boxd.it/17ue
2020-04-16,Y Tu Mamá También,2001,https://boxd.it/28QM
2020-04-16,The Cabinet of Dr. Caligari,1920,https://boxd.it/2aOo
2020-04-17,PlayTime,1967,https://boxd.it/1WLK
2020-04-18,Dear Zachary: A Letter to a Son About His Father,2008,https://boxd.it/1LW8
2020-04-19,Withnail & I,1987,https://boxd.it/1Qa4
2020-04-19,How to Get Ahead in Advertising,1989,https://boxd.it/1Npg
2020-05-02,Hamlet,2000,https://boxd.it/1VDq
2020-05-02,Gattaca,1997,https://boxd.it/29Du
2020-05-02,In Fabric,2018,https://boxd.it/h2sY
2020-05-19,Close-Up,1990,https://boxd.it/1m9q
2020-06-09,Malcolm X,1992,https://boxd.it/27WE
2020-06-10,Chi-Raq,2015,https://boxd.it/bjIM
2020-06-10,Inside Man,2006,https://boxd.it/2auS
2020-06-14,99 Homes,2014,https://boxd.it/8KuG
2020-06-14,This Is Spinal Tap,1984,https://boxd.it/1UOs
2020-06-17,Mudbound,2017,https://boxd.it/eCsu
2020-07-13,We Own the Night,2007,https://boxd.it/27F4
2020-07-14,Collateral,2004,https://boxd.it/28F0
2020-07-19,I Love You Phillip Morris,2009,https://boxd.it/1ZvK
2020-07-27,High and Low,1963,https://boxd.it/1RSc
2020-08-06,Snatch,2000,https://boxd.it/2b7U
2020-08-11,Guns Akimbo,2019,https://boxd.it/gkFu
2020-08-18,Dirty Dancing,1987,https://boxd.it/2baY
2020-08-22,The One and Only Ivan,2020,https://boxd.it/iose
2020-09-11,David Byrne's American Utopia,2020,https://boxd.it/oUAG
2020-09-13,Fail Safe,1964,https://boxd.it/2afS
2020-09-15,Possession,1981,https://boxd.it/1BPm
2020-09-17,The Devil All the Time,2020,https://boxd.it/i2tY
2020-09-23,Stop Making Sense,1984,https://boxd.it/1ygo
2020-09-24,Le Gendarme de Saint-Tropez,1964,https://boxd.it/23Uk
2020-09-24,On the Rocks,2020,https://boxd.it/l8aY
2020-10-06,Possessor,2020,https://boxd.it/fsJW
2020-10-14,Scream,1996,https://boxd.it/24EC
2020-11-08,Brooklyn Brothers Beat the Best,2012,https://boxd.it/43Ss
2020-11-20,Black Christmas,1974,https://boxd.it/1Js6
2020-11-28,Boxing Helena,1993,https://boxd.it/1Hm6
2020-11-28,Surveillance,2008,https://boxd.it/1V7O
2020-11-28,Chained,2012,https://boxd.it/3ThQ
2020-12-04,The Tale,2018,https://boxd.it/cOkI
2020-12-05,Army of Darkness,1992,https://boxd.it/29G4
2020-12-08,Spotlight,2015,https://boxd.it/a84k
2020-12-09,The Color of Money,1986,https://boxd.it/1SSM
2020-12-10,Speed Racer,2008,https://boxd.it/20UQ
2020-12-17,Diary of a Country Priest,1951,https://boxd.it/UDC
2020-12-24,Lumière and Company,1995,https://boxd.it/IHM
2020-12-25,Quiz Show,1994,https://boxd.it/1TPa
2020-12-29,Pride & Prejudice,2005,https://boxd.it/24u8
2021-01-06,Mary and Max,2009,https://boxd.it/1y2m
2021-01-07,Thunder Road,2018,https://boxd.it/i8Hs
2021-01-09,Shame,2011,https://boxd.it/2CxU
2021-01-16,Beau Travail,1999,https://boxd.it/1NI8
2021-01-17,Phantom of the Paradise,1974,https://boxd.it/1s34
2021-01-17,Pretend It's a City,2021,https://boxd.it/tlWs
2021-01-23,Brazil,1985,https://boxd.it/2be2
2021-01-29,Altered States,1980,https://boxd.it/1TBi
2021-02-02,Targets,1968,https://boxd.it/1Fbq
2021-02-10,Slacker,1990,https://boxd.it/1OUu
2021-02-13,Enter the Dragon,1973,https://boxd.it/1YCA
2021-02-16,Tetsuo: The Iron Man,1989,https://boxd.it/ZoM
2021-02-18,Final Flesh,2009,https://boxd.it/gRO
2021-03-02,Like Water for Chocolate,1992,https://boxd.it/1Hq8
2021-03-07,Shaolin Soccer,2001,https://boxd.it/1T86
2021-04-03,Roll Bounce,2005,https://boxd.it/1NSM
2021-04-04,Solaris,1972,https://boxd.it/2a2Y
2021-04-13,Breaking the Waves,1996,https://boxd.it/2b1W
2021-04-20,Scanners,1981,https://boxd.it/1YqE
2021-04-27,Another Round,2020,https://boxd.it/lkba
2021-05-04,The Untouchables,1987,https://boxd.it/2b6i
2021-05-11,Fried Green Tomatoes,1991,https://boxd.it/28qY
2021-05-27,Pieces of a Woman,2020,https://boxd.it/nOrQ
2021-05-27,Mysterious Skin,2004,https://boxd.it/1UsG
2021-06-02,Bacurau,2019,https://boxd.it/fSUG
2021-06-07,American Animals,2018,https://boxd.it/hE4K
2021-06-14,Cure,1997,https://boxd.it/1blA
2021-06-19,Clear History,2013,https://boxd.it/4kBy
2021-06-27,Luca,2021,https://boxd.it/ipjC
2021-07-05,No Sudden Move,2021,https://boxd.it/o7WS
2021-07-05,Natural Born Killers,1994,https://boxd.it/2aNg
2021-07-05,The Killing,1956,https://boxd.it/2aMi
2021-07-11,Fear Street: 1994,2021,https://boxd.it/lLBk
2021-07-11,Fear Street: 1978,2021,https://boxd.it/lLBu
2021-07-15,Blue Bayou,2021,https://boxd.it/nUwi
2021-07-16,Red Rocket,2021,https://boxd.it/sGpi
2021-07-16,Great Expectations,1998,https://boxd.it/1YKE
2021-07-20,Space Jam: A New Legacy,2021,https://boxd.it/dd9A
2021-07-22,The Happening,2008,https://boxd.it/200o
2021-08-05,Body Double,1984,https://boxd.it/1TGW
2021-08-28,American Movie,1999,https://boxd.it/1Oty
2021-09-16,Christopher Columbus: The Discovery,1992,https://boxd.it/YMo
2021-11-10,Rushmore,1998,https://boxd.it/1TAO
2021-11-14,Wild Strawberries,1957,https://boxd.it/29ZU
2021-11-27,Symbiopsychotaxiplasm: Take One,1968,https://boxd.it/R6q
2021-11-28,The Tale of the Princess Kaguya,2013,https://boxd.it/4JQI
2021-11-28,Scrooged,1988,https://boxd.it/1Y9e
2021-11-29,Powaqqatsi,1988,https://boxd.it/1xPs
2021-11-29,Naqoyqatsi,2002,https://boxd.it/1BiM
2021-12-03,The Humans,2021,https://boxd.it/lEQM
